,Unnamed: 0,id,first_name,last_name,email,belt,time,pay_plan
0,0.0,1,Janine,Feely,jfeely0@nih.gov,LARANJA,18:00,MENSALISTA
1,1.0,2,Angele,Goodisson,agoodisson1@reuters.com,BRANCA,18:00,ASSINATURA
2,2.0,3,Judas,Binden,jbinden2@shutterfly.com,AMARELA,18:00,MENSALISTA
3,3.0,4,Andriana,Wimpress,awimpress3@wiley.com,VERDE,19:00,MENSALISTA
4,4.0,5,Lucine,Tart,ltart4@mozilla.com,LARANJA,18:00,MENSALISTA
5,5.0,6,Delinda,Goodbur,dgoodbur5@independent.co.uk,AMARELA,20:00,ASSINATURA
6,6.0,7,Broddie,Mackie,bmackie6@youtube.com,LARANJA,19:00,MENSALISTA
7,7.0,8,Jeri,De Gregoli,jdegregoli7@bloglines.com,VERDE,18:00,ASSINATURA
8,8.0,9,Baillie,Sauniere,bsauniere8@wordpress.org,LARANJA,19:00,ASSINATURA
9,9.0,10,Frieda,Krysztowczyk,fkrysztowczyk9@google.ca,AMARELA,18:00,MENSALISTA
10,10.0,11,Vincenty,Hullock,vhullocka@de.vu,AMARELA,19:00,ASSINATURA
11,11.0,12,Judie,Gitting,jgittingb@sfgate.com,BRANCA,18:00,MENSALISTA
12,12.0,13,Dalli,Munsey,dmunseyc@usa.gov,AMARELA,20:00,ASSINATURA
13,13.0,14,Moina,Itscowicz,mitscowiczd@newyorker.com,BRANCA,19:00,ASSINATURA
14,14.0,15,Matthus,Vasiliev,mvasilieve@tripadvisor.com,LARANJA,19:00,MENSALISTA
15,15.0,16,Eldin,Tym,etymf@indiatimes.com,VERDE,19:00,ASSINATURA
16,16.0,17,Juana,Nassie,jnassieg@woothemes.com,LARANJA,19:00,MENSALISTA
17,17.0,18,Mabel,McTeague,mmcteagueh@answers.com,LARANJA,18:00,ASSINATURA
18,18.0,19,Chen,Hurn,churni@bizjournals.com,LARANJA,18:00,MENSALISTA
19,19.0,20,Thorsten,Tebbitt,ttebbittj@stumbleupon.com,AMARELA,19:00,MENSALISTA
20,20.0,21,Iolande,Dunkerley,idunkerleyk@posterous.com,AMARELA,20:00,ASSINATURA
21,21.0,22,Munmro,Beyn,mbeynl@miibeian.gov.cn,BRANCA,20:00,MENSALISTA
22,22.0,23,Corry,Tylor,ctylorm@ucla.edu,VERDE,19:00,ASSINATURA
23,23.0,24,Samaria,Trigwell,strigwelln@comsenz.com,BRANCA,20:00,ASSINATURA
24,24.0,25,Ware,Matkin,wmatkino@loc.gov,AMARELA,19:00,MENSALISTA
25,25.0,26,Yuri,Gecks,ygecksp@hatena.ne.jp,LARANJA,18:00,ASSINATURA
26,26.0,27,Hilary,Waberer,hwabererq@mapy.cz,BRANCA,19:00,ASSINATURA
27,27.0,28,Gualterio,Kalkofer,gkalkoferr@mail.ru,LARANJA,19:00,MENSALISTA
28,28.0,29,Norah,Mebius,nmebiuss@forbes.com,VERDE,20:00,ASSINATURA
29,29.0,30,Tally,Grayne,tgraynet@aol.com,VERDE,20:00,MENSALISTA
30,30.0,31,Teodorico,Cheng,tchengu@uol.com.br,BRANCA,20:00,MENSALISTA
31,31.0,32,Theo,Bucknall,tbucknallv@berkeley.edu,VERDE,20:00,MENSALISTA
32,32.0,33,Marcelo,Madden,mmaddenw@nymag.com,VERDE,19:00,ASSINATURA
33,33.0,34,Hinda,Boreham,hborehamx@gmpg.org,AMARELA,18:00,ASSINATURA
34,34.0,35,Alisun,Wards,awardsy@alibaba.com,LARANJA,20:00,ASSINATURA
35,35.0,36,Mollie,Whissell,mwhissellz@a8.net,LARANJA,19:00,ASSINATURA
36,36.0,37,Hanna,Luty,hluty10@cargocollective.com,LARANJA,20:00,ASSINATURA
37,37.0,38,Devan,Matussevich,dmatussevich11@cargocollective.com,BRANCA,20:00,MENSALISTA
38,38.0,39,Pearline,Ferroli,pferroli12@quantcast.com,BRANCA,20:00,MENSALISTA
39,39.0,40,Mufinella,Grindell,mgrindell13@theglobeandmail.com,AMARELA,20:00,MENSALISTA
40,40.0,41,Ricki,Vedenyapin,rvedenyapin14@paypal.com,VERDE,18:00,ASSINATURA
41,41.0,42,Cindee,Anthiftle,canthiftle15@cbc.ca,AMARELA,20:00,MENSALISTA
42,42.0,43,Kellen,Cushe,kcushe16@wp.com,VERDE,19:00,ASSINATURA
43,43.0,44,Mariam,Nasi,mnasi17@sourceforge.net,VERDE,20:00,ASSINATURA
44,44.0,45,Arron,Lemmer,alemmer18@taobao.com,LARANJA,20:00,MENSALISTA
45,45.0,46,Essy,Lindbergh,elindbergh19@army.mil,BRANCA,19:00,MENSALISTA
46,46.0,47,Grata,Jirousek,gjirousek1a@shinystat.com,BRANCA,18:00,MENSALISTA
47,47.0,48,Katharina,Leele,kleele1b@aol.com,BRANCA,18:00,MENSALISTA
48,48.0,49,Lynda,Ladyman,lladyman1c@taobao.com,AMARELA,19:00,MENSALISTA
49,49.0,50,Gloriane,Spilsbury,gspilsbury1d@goodreads.com,LARANJA,20:00,MENSALISTA
50,50.0,51,Evan,Busen,ebusen1e@mozilla.com,BRANCA,19:00,MENSALISTA
51,51.0,52,Lynett,MacAlroy,lmacalroy1f@engadget.com,BRANCA,20:00,MENSALISTA
52,52.0,53,Banky,McBean,bmcbean1g@webs.com,AMARELA,19:00,ASSINATURA
53,53.0,54,Fred,Dower,fdower1h@webeden.co.uk,AMARELA,18:00,ASSINATURA
54,54.0,55,Chris,Rapps,crapps1i@nytimes.com,VERDE,18:00,ASSINATURA
55,55.0,56,Remy,Earey,rearey1j@paypal.com,BRANCA,18:00,ASSINATURA
56,56.0,57,Britt,Crosier,bcrosier1k@4shared.com,LARANJA,18:00,MENSALISTA
57,57.0,58,Bren,Rosthorn,brosthorn1l@samsung.com,LARANJA,18:00,ASSINATURA
58,58.0,59,Cy,Sparks,csparks1m@360.cn,BRANCA,20:00,MENSALISTA
59,59.0,60,Margette,Fields,mfields1n@de.vu,AMARELA,19:00,ASSINATURA
60,60.0,61,Justine,Vaney,jvaney1o@tripadvisor.com,BRANCA,20:00,ASSINATURA
61,61.0,62,Jermain,Raubenheim,jraubenheim1p@toplist.cz,VERDE,20:00,ASSINATURA
62,62.0,63,Lewes,Poulglais,lpoulglais1q@vkontakte.ru,LARANJA,19:00,ASSINATURA
63,63.0,64,Priscilla,Yewdell,pyewdell1r@google.co.uk,VERDE,20:00,ASSINATURA
64,64.0,65,Fairlie,Hanscom,fhanscom1s@nydailynews.com,BRANCA,19:00,ASSINATURA
65,65.0,66,Aundrea,Gentric,agentric1t@cpanel.net,AMARELA,19:00,ASSINATURA
66,66.0,67,Roxane,Robertshaw,rrobertshaw1u@state.gov,AMARELA,19:00,ASSINATURA
67,67.0,68,Stewart,Dewer,sdewer1v@mediafire.com,VERDE,20:00,MENSALISTA
68,68.0,69,Linet,Gurley,lgurley1w@guardian.co.uk,BRANCA,19:00,MENSALISTA
69,69.0,70,Bogey,Gummow,bgummow1x@miibeian.gov.cn,AMARELA,18:00,MENSALISTA
70,70.0,71,Anna-diana,Scimoni,ascimoni1y@photobucket.com,BRANCA,18:00,ASSINATURA
71,71.0,72,Malena,Skelly,mskelly1z@parallels.com,BRANCA,20:00,ASSINATURA
72,72.0,73,Alys,Husher,ahusher20@tiny.cc,AMARELA,20:00,MENSALISTA
73,73.0,74,Thorn,Collyns,tcollyns21@ftc.gov,BRANCA,19:00,MENSALISTA
74,74.0,75,Etta,Godly,egodly22@yellowpages.com,BRANCA,19:00,ASSINATURA
75,75.0,76,Francesca,Kemell,fkemell23@weibo.com,VERDE,18:00,ASSINATURA
76,76.0,77,Jaymee,Doole,jdoole24@i2i.jp,VERDE,18:00,MENSALISTA
77,77.0,78,Eddy,Kunneke,ekunneke25@netscape.com,LARANJA,18:00,MENSALISTA
78,78.0,79,Eadie,Dobbins,edobbins26@loc.gov,LARANJA,19:00,ASSINATURA
79,79.0,80,Paulo,Attewell,pattewell27@ed.gov,LARANJA,20:00,ASSINATURA
80,80.0,81,Karlyn,Grahlmans,kgrahlmans28@google.fr,LARANJA,18:00,MENSALISTA
81,81.0,82,Elliot,Halwell,ehalwell29@scientificamerican.com,AMARELA,20:00,ASSINATURA
82,82.0,83,Garret,McChruiter,gmcchruiter2a@theglobeandmail.com,LARANJA,19:00,ASSINATURA
83,83.0,84,Sidoney,Dyer,sdyer2b@arstechnica.com,LARANJA,18:00,ASSINATURA
84,84.0,85,Amberly,Calderonello,acalderonello2c@statcounter.com,AMARELA,18:00,MENSALISTA
85,85.0,86,Easter,Cuthill,ecuthill2d@deviantart.com,LARANJA,18:00,MENSALISTA
86,86.0,87,Sile,Matasov,smatasov2e@usnews.com,LARANJA,20:00,MENSALISTA
87,87.0,88,Liana,Stennine,lstennine2f@weibo.com,BRANCA,18:00,MENSALISTA
88,88.0,89,Lyndsay,Carcass,lcarcass2g@businessinsider.com,LARANJA,19:00,ASSINATURA
89,89.0,90,Hadrian,Leyband,hleyband2h@bing.com,VERDE,19:00,MENSALISTA
90,90.0,91,Devinne,Darnborough,ddarnborough2i@de.vu,LARANJA,20:00,MENSALISTA
91,91.0,92,Niall,Burnapp,nburnapp2j@domainmarket.com,LARANJA,19:00,MENSALISTA
92,92.0,93,Cathrin,Hulles,chulles2k@aol.com,AMARELA,20:00,MENSALISTA
93,93.0,94,Pernell,Heskins,pheskins2l@auda.org.au,LARANJA,19:00,MENSALISTA
94,94.0,95,Kacie,Pretsel,kpretsel2m@marketwatch.com,AMARELA,19:00,ASSINATURA
95,95.0,96,Derril,Montilla,dmontilla2n@aol.com,BRANCA,18:00,MENSALISTA
96,96.0,97,Courtney,Francescotti,cfrancescotti2o@businessweek.com,LARANJA,20:00,ASSINATURA
97,97.0,98,Dulciana,Isakov,disakov2p@twitpic.com,BRANCA,19:00,ASSINATURA
98,98.0,99,Leoine,Duiged,lduiged2q@aol.com,AMARELA,19:00,ASSINATURA
99,99.0,100,Jae,Sextie,jsextie2r@shareasale.com,LARANJA,19:00,MENSALISTA
100,,101,Thiago,Silva,,BRANCA,18:00,MENSALISTA
